best_similarity,coverage_and_reason,manual_chunk_ids,standard_chunk_id,standard_preview
0.581,"1. The STANDARD chunk requires procedures for resuscitation, management of bleeding and shock, and treatment for temperature-related injuries in diving operations.

2. Classification: Not Covered.

3. The manual excerpts do not explicitly address resuscitation procedures, management of bleeding and shock, or temperature-related injuries. There are references to emergency plans and procedures, but no specific details on the required topics are provided.

4. Manual Source numbers: None (0 sources used).",C698;C686;C697;C688;C689,C10,"3.2           Resuscitation ..................................................................................................................96

3.2.1       Expired Air Resuscitation (EAR) .........."
0.569,"1. The STANDARD requires procedures for the treatment of heat exhaustion, marine animal injuries, and gas poisonings during diving operations.

2. Not Covered.

3. The manual excerpts do not explicitly address treatment for heat exhaustion, marine animal injuries, or gas poisonings. While there are references to medical treatment equipment and general safety considerations, there is no specific mention of the required procedures for these emergencies.

4. Manual Sources: None (no relevant coverage found).",C686;C692;C688;C1027;C696,C11,"3.4.3       Treatment for Heat Exhaustion (Hyperthermia) ....................................................99

3.5           Marine Animal Injuries .................................................."
0.664,"1. The STANDARD chunk outlines requirements related to various diving emergencies, including oxygen deficiency, nitrogen narcosis, oxygen toxicity, drowning, barotraumas, and medical emergencies requiring recompression.

2. Classification: Not Covered

3. The manual excerpts do not explicitly address the specific emergency situations or medical conditions listed in the standard, such as oxygen deficiency, nitrogen narcosis, or barotraumas. While there are mentions of toxic effects and decompression illness, they do not provide comprehensive coverage of the requirements outlined in the standard.

4. Manual Source numbers: None (0 relevant sources).",C818;C689;C817;C688;C686,C12,"3.6.2       Oxygen Deficiency .......................................................................................... 107

3.6.3       Nitrogen Narcosis ............................................"
0.884,"1. The STANDARD requires procedures for Diagnosis, First Aid, Recompression Therapy, and Recompression Treatment in air diving operations and emergencies.

2. Classification: Partially Covered.

3. The manual mentions the importance of a recompression chamber as essential life-saving equipment and discusses scenarios regarding its placement, but it does not explicitly cover the procedures for Diagnosis, First Aid, or Recompression Therapy and Treatment.

4. Manual Source numbers: [Manual Source 3 | chunk_id=C846], [Manual Source 4 | chunk_id=C951].",C712;C700;C846;C951;C947,C13,"Document  owner:                                                         Document  originator:                                                   Document  approver:
Mike Paton                         "
0.769,"1. The STANDARD requires the presence and readiness of a recompression chamber for diving operations and outlines procedures for decompression and recompression treatment.

2. Classification: Partially Covered

3. The manual discusses the importance of a recompression chamber and its requirements, including readiness and safety protocols. However, it does not explicitly cover the procedures for decompression and recompression treatment as outlined in the STANDARD.

4. Manual Source numbers: [Manual Source 4 | chunk_id=C847], [Manual Source 5 | chunk_id=C846].",C688;C689;C687;C847;C846,C14,"3.8.5       No Recompression Chamber ............................................................................ 115

3.8.6       Decompression & Recompression Treatment ............................."
